,user,favorite_count,retweet_count
0,4196983835,39334,8786
1,4196983835,33671,6439
2,4196983835,25363,4270
3,4196983835,42708,8877
4,4196983835,40850,9654
5,4196983835,20481,3215
6,4196983835,12024,2128
7,4196983835,66438,19446
8,4196983835,28108,4368
9,4196983835,32356,7621
10,4196983835,31003,7531
11,4196983835,28122,5087
12,4196983835,38587,8451
13,4196983835,27522,4667
14,4196983835,15287,2292
15,4196983835,25632,5588
16,4196983835,29457,4646
17,4196983835,25923,4498
18,4196983835,20197,3698
19,4196983835,22068,3611
20,4196983835,30599,5549
21,4196983835,46776,11983
22,4196983835,70061,18765
23,4196983835,34098,10660
24,4196983835,30944,6114
25,4196983835,35648,7984
26,4196983835,12241,3390
27,4196983835,22713,4582
28,4196983835,21411,3273
29,4196983835,117,4
30,4196983835,28340,6463
31,4196983835,0,106
32,4196983835,33157,7005
33,4196983835,36478,6607
34,4196983835,20674,3861
35,4196983835,0,19101
36,4196983835,22222,4500
37,4196983835,78662,19039
38,4196983835,28343,6010
39,4196983835,24644,5059
40,4196983835,27349,5811
41,4196983835,73913,20994
42,4196983835,20658,3081
43,4196983835,22180,3543
44,4196983835,46559,10284
45,4196983835,22842,3784
46,4196983835,37693,6862
47,4196983835,24283,4062
48,4196983835,28709,5061
49,4196983835,28248,6267
50,4196983835,45588,11942
51,4196983835,29753,5137
52,4196983835,24626,3501
53,4196983835,51232,10980
54,4196983835,129,7
55,4196983835,50105,16463
56,4196983835,23384,5306
57,4196983835,17221,2859
58,4196983835,21603,3931
59,4196983835,28890,6461
60,4196983835,27444,4375
61,4196983835,27976,4476
62,4196983835,22565,3605
63,4196983835,315,10
64,4196983835,23695,3285
65,4196983835,107407,45461
66,4196983835,16994,3215
67,4196983835,0,7085
68,4196983835,22898,4866
69,4196983835,19211,2782
70,4196983835,19614,4254
71,4196983835,30707,7475
72,4196983835,0,1334
73,4196983835,0,6881
74,4196983835,7867,1334
75,4196983835,42598,7085
76,4196983835,81167,19819
77,4196983835,0,82
78,4196983835,23094,3950
79,4196983835,27740,5352
80,4196983835,27554,5789
81,4196983835,20979,3477
82,4196983835,23711,4751
83,4196983835,19024,2487
84,4196983835,28286,4846
85,4196983835,25596,4452
86,4196983835,22268,5084
87,4196983835,27810,6266
88,4196983835,25856,4864
89,4196983835,28272,4801
90,4196983835,0,15346
91,4196983835,26469,4255
92,4196983835,22997,4095
93,4196983835,35245,10852
94,4196983835,24651,4087
95,4196983835,0,1645
96,4196983835,7404,1645
97,4196983835,27814,5605
98,4196983835,14945,3839
99,4196983835,0,31
100,4196983835,21171,3857
101,4196983835,41295,9309
102,4196983835,34832,6575
103,4196983835,35085,8435
104,4196983835,38819,11724
105,4196983835,20639,3625
106,4196983835,20603,3593
107,4196983835,0,5929
108,4196983835,21339,5697
109,4196983835,23092,3953
110,4196983835,33586,6314
111,4196983835,120,3
112,4196983835,12722,2771
113,4196983835,84420,27355
114,4196983835,22298,4331
115,4196983835,37498,8722
116,4196983835,43393,10517
117,4196983835,28896,6627
118,4196983835,16358,3279
119,4196983835,20964,3982
120,4196983835,66446,15088
121,4196983835,0,2203
122,4196983835,28084,6201
123,4196983835,10456,2203
124,4196983835,24804,4386
125,4196983835,34916,7702
126,4196983835,16620,2656
127,4196983835,0,133
128,4196983835,33153,8322
129,4196983835,0,32549
130,4196983835,20725,5104
131,4196983835,19926,3688
132,4196983835,106131,32549
133,4196983835,54258,15346
134,4196983835,0,8828
135,4196983835,26433,5935
136,4196983835,27315,5296
137,4196983835,28867,8112
138,4196983835,33411,9260
139,4196983835,15084,3232
140,4196983835,31214,9494
141,4196983835,21311,4391
142,4196983835,15819,4439
143,4196983835,0,2642
144,4196983835,24626,5593
145,4196983835,2340,105
146,4196983835,9051,1182
147,4196983835,8869,2642
148,4196983835,19889,5390
149,4196983835,17668,3754
150,4196983835,21315,5303
151,4196983835,77489,24836
152,4196983835,37461,11394
153,4196983835,17865,4437
154,4196983835,17371,4062
155,4196983835,0,2297
156,4196983835,0,875
157,4196983835,7815,2297
158,4196983835,24504,5623
159,4196983835,19011,3703
160,4196983835,17361,6243
161,4196983835,0,33023
162,4196983835,19889,4301
163,4196983835,15988,3739
164,4196983835,19332,1685
165,4196983835,93874,32406
166,4196983835,35301,14574
167,4196983835,0,8716
168,4196983835,16174,3719
169,4196983835,22441,5205
170,4196983835,16404,3120
171,4196983835,16817,2776
172,4196983835,35767,11376
173,4196983835,6188,1765
174,4196983835,20879,4869
175,4196983835,240,20
176,4196983835,0,182
177,4196983835,19771,4309
178,4196983835,0,11516
179,4196983835,17016,3098
180,4196983835,12368,2038
181,4196983835,0,725
182,4196983835,537,17
183,4196983835,28886,6774
184,4196983835,353,28
185,4196983835,4741,1087
186,4196983835,12401,2287
187,4196983835,47501,19018
188,4196983835,27854,5871
189,4196983835,31431,8893
190,4196983835,0,6486
191,4196983835,0,50
192,4196983835,24028,6620
193,4196983835,30869,7508
194,4196983835,19894,5100
195,4196983835,33673,8196
196,4196983835,17038,3407
197,4196983835,30199,6314
198,4196983835,36904,11127
199,4196983835,16394,3894
200,4196983835,0,2209
201,4196983835,9565,2014
202,4196983835,15796,2351
203,4196983835,17343,3840
204,4196983835,35065,10845
205,4196983835,21204,7494
206,4196983835,12129,1728
207,4196983835,0,10593
208,4196983835,0,23
209,4196983835,17175,3790
210,4196983835,25754,7768
211,4196983835,21948,6290
212,4196983835,33067,10239
213,4196983835,13887,2877
214,4196983835,3624,365
215,4196983835,17384,4202
216,4196983835,21784,5397
217,4196983835,32452,8393
218,4196983835,0,5463
219,4196983835,16919,3448
220,4196983835,12159,2078
221,4196983835,32390,7299
222,4196983835,26890,4764
223,4196983835,26455,5088
224,4196983835,8748,823
225,4196983835,17462,3407
226,4196983835,0,3615
227,4196983835,0,474
228,4196983835,25102,5675
229,4196983835,5885,1493
230,4196983835,7492,460
231,4196983835,20044,3742
232,4196983835,21846,4750
233,4196983835,21415,6493
234,4196983835,22931,3543
235,4196983835,21514,4362
236,4196983835,48011,12920
237,4196983835,15178,3446
238,4196983835,34114,10097
239,4196983835,32980,10862
240,4196983835,17135,3188
241,4196983835,31460,9760
242,4196983835,26940,5304
243,4196983835,0,14883
244,4196983835,8189,2043
245,4196983835,25043,5980
246,4196983835,0,8541
247,4196983835,14618,2882
248,4196983835,16243,3574
249,4196983835,41681,11516
250,4196983835,17708,3496
251,4196983835,14640,2432
252,4196983835,16207,3250
253,4196983835,23030,5172
254,4196983835,18160,3047
255,4196983835,23126,6775
256,4196983835,16333,3980
257,4196983835,7267,1428
258,4196983835,19480,3902
259,4196983835,26390,6486
260,4196983835,15094,3352
261,4196983835,0,17284
262,4196983835,27633,8647
263,4196983835,13654,4117
264,4196983835,21258,6038
265,4196983835,17151,5252
266,4196983835,24734,5929
267,4196983835,0,1952
268,4196983835,0,18113
269,4196983835,196,3
270,4196983835,13270,1105
271,4196983835,9682,1952
272,4196983835,17776,5103
273,4196983835,20790,6424
274,4196983835,14510,2568
275,4196983835,29736,8716
276,4196983835,0,158
277,4196983835,29438,7347
278,4196983835,21176,4463
279,4196983835,12086,2329
280,4196983835,0,37
281,4196983835,0,12472
282,4196983835,11803,1487
283,4196983835,24492,5424
284,4196983835,0,11399
285,4196983835,1809,364
286,4196983835,149,0
287,4196983835,19043,3534
288,4196983835,37020,8828
289,4196983835,4165,491
290,4196983835,13855,2596
291,4196983835,22869,5943
292,4196983835,17340,2701
293,4196983835,0,86
294,4196983835,13782,2581
295,4196983835,20843,5179
296,4196983835,13668,2496
297,4196983835,0,618
298,4196983835,0,30993
299,4196983835,15926,3303
300,4196983835,22997,4808
301,4196983835,20735,4876
302,4196983835,0,9222
303,4196983835,19295,4082
304,4196983835,0,1922
305,4196983835,0,23719
306,4196983835,17749,3359
307,4196983835,8427,1922
308,4196983835,2247,82
309,4196983835,28346,6459
310,4196983835,24379,3410
311,4196983835,11754,1862
312,4196983835,22797,6111
313,4196983835,14875,2852
314,4196983835,0,12078
315,4196983835,10432,1887
316,4196983835,22410,5415
317,4196983835,17069,4089
318,4196983835,10907,2402
319,4196983835,14191,2492
320,4196983835,14541,2704
321,4196983835,16611,3868
322,4196983835,0,247
323,4196983835,22439,3610
324,4196983835,16127,2334
325,4196983835,21967,5463
326,4196983835,14443,2498
327,4196983835,0,44
328,4196983835,18287,4084
329,4196983835,12913,3331
330,4196983835,3171,586
331,4196983835,17253,3180
332,4196983835,13013,2515
333,4196983835,18653,3615
334,4196983835,12284,2646
335,4196983835,0,6991
336,4196983835,0,10589
337,4196983835,72,3
338,4196983835,0,11005
339,4196983835,13775,4700
340,4196983835,26154,6961
341,4196983835,367,38
342,4196983835,30114,7381
343,4196983835,11383,2043
344,4196983835,7833,2209
345,4196983835,9808,2606
346,4196983835,9970,1727
347,4196983835,7054,1256
348,4196983835,12730,2758
349,4196983835,12968,2332
350,4196983835,8673,1720
351,4196983835,72887,19101
352,4196983835,0,6484
353,4196983835,10718,3425
354,4196983835,0,5703
355,4196983835,13353,2222
356,4196983835,34617,12078
357,4196983835,11444,2305
358,4196983835,37792,10593
359,4196983835,26745,8438
360,4196983835,57797,18441
361,4196983835,0,3857
362,4196983835,27889,6681
363,4196983835,39945,12748
364,4196983835,10393,1529
365,4196983835,6853,1293
366,4196983835,8347,1460
367,4196983835,13771,2522
368,4196983835,8056,1203
369,4196983835,13662,3311
370,4196983835,2392,194
371,4196983835,12842,3228
372,4196983835,11319,2429
373,4196983835,22017,5925
374,4196983835,16861,3398
375,4196983835,8096,1074
376,4196983835,17379,3468
377,4196983835,0,13382
378,4196983835,11570,2551
379,4196983835,23589,5703
380,4196983835,40022,11734
381,4196983835,0,4469
382,4196983835,5597,290
383,4196983835,11028,2682
384,4196983835,20135,4773
385,4196983835,14520,2944
386,4196983835,5324,1066
387,4196983835,17164,3565
388,4196983835,11426,2127
389,4196983835,13919,2827
390,4196983835,56022,19474
391,4196983835,20041,5195
392,4196983835,0,1465
393,4196983835,6955,1465
394,4196983835,0,6223
395,4196983835,16378,4021
396,4196983835,11024,1975
397,4196983835,12891,11738
398,4196983835,16472,4421
399,4196983835,5220,674
400,4196983835,11671,3084
401,4196983835,0,12825
402,4196983835,13733,2745
403,4196983835,14276,3012
404,4196983835,771,30
405,4196983835,17289,4592
406,4196983835,0,11294
407,4196983835,18993,3920
408,4196983835,131820,47708
409,4196983835,14465,2601
410,4196983835,0,7312
411,4196983835,16205,3391
412,4196983835,19952,7312
413,4196983835,31520,16973
414,4196983835,38559,11294
415,4196983835,0,5501
416,4196983835,12487,2671
417,4196983835,0,3790
418,4196983835,9255,1889
419,4196983835,8807,2014
420,4196983835,0,6385
421,4196983835,12975,5001
422,4196983835,277,10
423,4196983835,9634,2301
424,4196983835,10557,2456
425,4196983835,13911,2610
426,4196983835,0,7659
427,4196983835,34724,11399
428,4196983835,13424,3684
429,4196983835,0,643
430,4196983835,0,2948
431,4196983835,3682,643
432,4196983835,21805,7176
433,4196983835,0,1353
434,4196983835,5879,1353
435,4196983835,14184,5549
436,4196983835,14789,3573
437,4196983835,10530,2256
438,4196983835,7949,1371
439,4196983835,2526,458
440,4196983835,25446,7659
441,4196983835,0,41854
442,4196983835,0,21596
443,4196983835,49615,21596
444,4196983835,94832,41854
445,4196983835,0,23853
446,4196983835,24394,8493
447,4196983835,10873,2953
448,4196983835,0,7052
449,4196983835,12045,2850
450,4196983835,0,9287
451,4196983835,12122,2595
452,4196983835,13580,2976
453,4196983835,5320,900
454,4196983835,57121,30993
455,4196983835,11800,3056
456,4196983835,12998,3474
457,4196983835,0,3879
458,4196983835,37875,17284
459,4196983835,6206,1118
460,4196983835,0,9800
461,4196983835,9619,2304
462,4196983835,13275,2989
463,4196983835,9448,1902
464,4196983835,0,5427
465,4196983835,10992,2336
466,4196983835,10824,2515
467,4196983835,33710,9287
468,4196983835,9495,2245
469,4196983835,9844,2473
470,4196983835,0,1198
471,4196983835,0,6091
472,4196983835,5507,1198
473,4196983835,24871,9800
474,4196983835,0,4739
475,4196983835,10858,2599
476,4196983835,9092,1892
477,4196983835,11388,4360
478,4196983835,8413,1494
479,4196983835,12433,3108
480,4196983835,0,6685
481,4196983835,9571,2134
482,4196983835,31737,9996
483,4196983835,0,3699
484,4196983835,10251,2169
485,4196983835,40089,16114
486,4196983835,9220,2031
487,4196983835,20624,8386
488,4196983835,10119,2067
489,4196983835,21924,5028
490,4196983835,10299,2213
491,4196983835,8524,2535
492,4196983835,9282,2696
493,4196983835,4926,507
494,4196983835,13131,3612
495,4196983835,11422,3191
496,4196983835,11609,4172
497,4196983835,10903,3187
498,4196983835,8793,2246
499,4196983835,23134,8424
500,4196983835,8353,2184
501,4196983835,0,7984
502,4196983835,7318,1652
503,4196983835,6735,1412
504,4196983835,8830,2208
505,4196983835,15113,4218
506,4196983835,8039,1632
507,4196983835,8358,1859
508,4196983835,6155,861
509,4196983835,14143,3609
510,4196983835,23108,7361
511,4196983835,5891,1640
512,4196983835,10023,2074
513,4196983835,12108,3032
514,4196983835,39321,13234
515,4196983835,16249,3857
516,4196983835,17114,4469
517,4196983835,0,5641
518,4196983835,7667,1680
519,4196983835,22079,6484
520,4196983835,14581,4018
521,4196983835,11171,3495
522,4196983835,8732,2483
523,4196983835,12484,2974
524,4196983835,46934,23853
525,4196983835,0,6884
526,4196983835,9633,2501
527,4196983835,13907,4055
528,4196983835,16116,4237
529,4196983835,123685,62137
530,4196983835,0,8422
531,4196983835,14409,4379
532,4196983835,83367,40321
533,4196983835,0,6347
534,4196983835,5333,2206
535,4196983835,11286,2730
536,4196983835,0,13434
537,4196983835,7095,1377
538,4196983835,0,6168
539,4196983835,9121,2182
540,4196983835,7283,2105
541,4196983835,0,9271
542,4196983835,6318,1896
543,4196983835,9706,2903
544,4196983835,8606,1945
545,4196983835,15191,4423
546,4196983835,6826,2324
547,4196983835,0,3682
548,4196983835,49429,18670
549,4196983835,11124,3173
550,4196983835,0,8589
551,4196983835,12169,4770
552,4196983835,8544,2142
553,4196983835,0,6137
554,4196983835,11110,2839
555,4196983835,10005,2307
556,4196983835,0,3364
557,4196983835,7896,1690
558,4196983835,9890,2887
559,4196983835,17986,6730
560,4196983835,6983,1558
561,4196983835,10043,3008
562,4196983835,0,310
563,4196983835,8545,1966
564,4196983835,1943,270
565,4196983835,9067,2363
566,4196983835,6733,950
567,4196983835,27197,6884
568,4196983835,0,4573
569,4196983835,8936,2399
570,4196983835,768,112
571,4196983835,0,1869
572,4196983835,11620,3183
573,4196983835,14569,3449
574,4196983835,10464,2458
575,4196983835,0,4988
576,4196983835,12364,3224
577,4196983835,0,4538
578,4196983835,16974,2948
579,4196983835,31526,15159
580,4196983835,0,5410
581,4196983835,9313,2481
582,4196983835,8903,2190
583,4196983835,0,6392
584,4196983835,10976,3191
585,4196983835,8985,2832
586,4196983835,14616,5149
587,4196983835,8201,1649
588,4196983835,0,7629
589,4196983835,0,8995
590,4196983835,0,7513
591,4196983835,0,5748
592,4196983835,0,2674
593,4196983835,0,5457
594,4196983835,0,6419
595,4196983835,0,4469
596,4196983835,0,2128
597,4196983835,0,2253
598,4196983835,0,6561
599,4196983835,0,6799
600,4196983835,0,3876
601,4196983835,11466,2929
602,4196983835,12920,3612
603,4196983835,16082,5584
604,4196983835,22174,7634
605,4196983835,255,32
606,4196983835,0,10288
607,4196983835,8496,2173
608,4196983835,13185,3528
609,4196983835,0,8431
610,4196983835,8408,2021
611,4196983835,12222,4794
612,4196983835,0,16448
613,4196983835,35940,16448
614,4196983835,5488,2061
615,4196983835,10066,2780
616,4196983835,9379,2661
617,4196983835,11977,4253
618,4196983835,55289,27410
619,4196983835,11204,3286
620,4196983835,18003,6223
621,4196983835,0,3893
622,4196983835,11417,2666
623,4196983835,0,11878
624,4196983835,10610,3052
625,4196983835,10227,3836
626,4196983835,18722,5641
627,4196983835,10221,2162
628,4196983835,0,3608
629,4196983835,8845,1886
630,4196983835,11857,2745
631,4196983835,27351,10589
632,4196983835,9608,2723
633,4196983835,22173,9584
634,4196983835,11684,3766
635,4196983835,10924,3300
636,4196983835,9919,3255
637,4196983835,16950,6454
638,4196983835,7674,2293
639,4196983835,10413,3204
640,4196983835,6846,1965
641,4196983835,7146,2864
642,4196983835,14075,4507
643,4196983835,15935,4657
644,4196983835,12565,4917
645,4196983835,8139,1938
646,4196983835,15009,4947
647,4196983835,7972,2064
648,4196983835,0,24256
649,4196983835,0,11151
650,4196983835,0,4380
651,4196983835,49842,25549
652,4196983835,13031,3608
653,4196983835,14578,4739
654,4196983835,9764,2930
655,4196983835,0,4781
656,4196983835,11002,2454
657,4196983835,18453,5427
658,4196983835,0,2667
659,4196983835,9093,2177
660,4196983835,22961,8231
661,4196983835,8675,2148
662,4196983835,13951,3699
663,4196983835,0,4145
664,4196983835,10294,2667
665,4196983835,0,4790
666,4196983835,11551,4793
667,4196983835,8365,2047
668,4196983835,7545,2242
669,4196983835,13068,3893
670,4196983835,9531,2638
671,4196983835,0,5678
672,4196983835,10111,2974
673,4196983835,10786,3209
674,4196983835,30391,14258
675,4196983835,30482,11878
676,4196983835,0,8298
677,4196983835,15928,5903
678,4196983835,8036,2457
679,4196983835,6821,1496
680,4196983835,0,3918
681,4196983835,6811,1519
682,4196983835,9643,3501
683,4196983835,11333,3205
684,4196983835,12020,3254
685,4196983835,8647,2005
686,4196983835,0,7694
687,4196983835,29474,9222
688,4196983835,0,2785
689,4196983835,20137,6991
690,4196983835,11864,2963
691,4196983835,10418,3560
692,4196983835,12084,4031
693,4196983835,8852,3305
694,4196983835,17023,5501
695,4196983835,1598,176
696,4196983835,0,8103
697,4196983835,12586,3606
698,4196983835,7418,2101
699,4196983835,8653,2539
700,4196983835,10100,2308
701,4196983835,6762,1455
702,4196983835,8062,1888
703,4196983835,13390,5578
704,4196983835,11225,3682
705,4196983835,9962,2923
706,4196983835,6287,1477
707,4196983835,22333,9271
708,4196983835,33194,12825
709,4196983835,33380,12472
710,4196983835,8144,2247
711,4196983835,11561,3687
712,4196983835,9395,2577
713,4196983835,18739,6345
714,4196983835,0,6462
715,4196983835,32373,13434
716,4196983835,9018,2529
717,4196983835,26755,8422
718,4196983835,8247,1588
719,4196983835,19102,6168
720,4196983835,8630,2162
721,4196983835,18469,6385
722,4196983835,0,7160
723,4196983835,12273,3862
724,4196983835,11535,3099
725,4196983835,4419,1293
726,4196983835,22980,6347
727,4196983835,7898,2922
728,4196983835,9353,2417
729,4196983835,10805,3128
730,4196983835,23983,8431
731,4196983835,7960,2292
732,4196983835,6091,1484
733,4196983835,13408,3790
734,4196983835,6976,1997
735,4196983835,0,4278
736,4196983835,0,136
737,4196983835,5838,1216
738,4196983835,9639,2557
739,4196983835,0,2631
740,4196983835,13602,5724
741,4196983835,21067,8103
742,4196983835,9758,3563
743,4196983835,0,21083
744,4196983835,13071,4173
745,4196983835,16370,5174
746,4196983835,22163,8337
747,4196983835,0,11418
748,4196983835,948,421
749,4196983835,7640,1539
750,4196983835,6390,1706
751,4196983835,5139,1156
752,4196983835,15032,4967
753,4196983835,0,14021
754,4196983835,6470,1259
755,4196983835,11486,3781
756,4196983835,9356,3022
757,4196983835,7256,1861
758,4196983835,0,4031
759,4196983835,7017,1874
760,4196983835,12412,3364
761,4196983835,0,4887
762,4196983835,9669,2858
763,4196983835,15788,4946
764,4196983835,0,15668
765,4196983835,5389,1385
766,4196983835,9807,3209
767,4196983835,0,10524
768,4196983835,33071,18258
769,4196983835,10594,2876
770,4196983835,12989,4988
771,4196983835,2024,176
772,4196983835,0,17418
773,4196983835,12924,3067
774,4196983835,15292,4573
775,4196983835,14248,5239
776,4196983835,8230,3420
777,4196983835,11215,4477
778,4196983835,17157,5410
779,4196983835,9396,2009
780,4196983835,7433,1986
781,4196983835,23996,6392
782,4196983835,11818,4429
783,4196983835,7049,1968
784,4196983835,7257,1859
785,4196983835,5886,1476
786,4196983835,24352,7052
787,4196983835,0,5831
788,4196983835,25612,8541
789,4196983835,10319,3653
790,4196983835,11019,4683
791,4196983835,9466,4442
792,4196983835,8787,2644
793,4196983835,0,3858
794,4196983835,7135,1944
795,4196983835,6609,1581
796,4196983835,4148,1284
797,4196983835,4130,833
798,4196983835,2981,541
799,4196983835,4415,1052
800,4196983835,7238,2149
801,4196983835,13252,3876
802,4196983835,9096,2979
803,4196983835,11632,5831
804,4196983835,0,8606
805,4196983835,10134,3317
806,4196983835,6839,1633
807,4196983835,6967,1757
808,4196983835,0,251
809,4196983835,5452,1396
810,4196983835,5706,1601
811,4196983835,0,51834
812,4196983835,8058,1985
813,4196983835,6926,2353
814,4196983835,6863,1692
815,4196983835,0,3472
816,4196983835,8317,2618
817,4196983835,34687,11005
818,4196983835,7054,1900
819,4196983835,0,8744
820,4196983835,5940,1944
821,4196983835,15898,7454
822,4196983835,0,3088
823,4196983835,4614,1024
824,4196983835,4543,1371
825,4196983835,5543,1455
826,4196983835,0,6638
827,4196983835,14986,3905
828,4196983835,12055,4031
829,4196983835,5251,1609
830,4196983835,17655,6137
831,4196983835,8224,2654
832,4196983835,13525,4348
833,4196983835,11139,3230
834,4196983835,0,6438
835,4196983835,5599,1548
836,4196983835,2846,434
837,4196983835,4451,906
838,4196983835,6621,1806
839,4196983835,7443,2146
840,4196983835,0,2942
841,4196983835,4718,995
842,4196983835,4109,564
843,4196983835,7950,2450
844,4196983835,5706,1392
845,4196983835,20394,3100
846,4196983835,7786,2445
847,4196983835,12774,3858
848,4196983835,7045,2002
849,4196983835,6662,1726
850,4196983835,802,61
851,4196983835,13928,4781
852,4196983835,5958,1680
853,4196983835,0,3446
854,4196983835,8079,2572
855,4196983835,13408,4145
856,4196983835,12467,7501
857,4196983835,11401,4790
858,4196983835,5316,1282
859,4196983835,35120,17727
860,4196983835,5942,2289
861,4196983835,0,4485
862,4196983835,4666,971
863,4196983835,54504,33023
864,4196983835,4532,1321
865,4196983835,0,20296
866,4196983835,5737,1647
867,4196983835,4919,1248
868,4196983835,5864,1759
869,4196983835,12383,3918
870,4196983835,4199,1095
871,4196983835,7272,2181
872,4196983835,5425,1461
873,4196983835,8317,4114
874,4196983835,4645,1589
875,4196983835,29398,13007
876,4196983835,4310,985
877,4196983835,6273,2051
878,4196983835,0,38
879,4196983835,6533,2359
880,4196983835,16148,6438
881,4196983835,7376,2248
882,4196983835,6562,2155
883,4196983835,0,24052
884,4196983835,5165,1328
885,4196983835,9348,2785
886,4196983835,1835,555
887,4196983835,6670,2202
888,4196983835,0,1337
889,4196983835,15954,4762
890,4196983835,7167,2275
891,4196983835,3879,1017
892,4196983835,12282,4334
893,4196983835,6294,1812
894,4196983835,4185,1119
895,4196983835,5279,2503
896,4196983835,5711,2182
897,4196983835,3768,1232
898,4196983835,21123,11418
899,4196983835,2975,430
900,4196983835,7549,3669
901,4196983835,0,9206
902,4196983835,4974,1373
903,4196983835,4992,1261
904,4196983835,0,329
905,4196983835,4764,1201
906,4196983835,16624,7673
907,4196983835,6410,1983
908,4196983835,4954,1613
909,4196983835,6872,2246
910,4196983835,7278,2273
911,4196983835,5566,1496
912,4196983835,11406,4119
913,4196983835,4329,1218
914,4196983835,28261,14883
915,4196983835,7057,1725
916,4196983835,8040,3254
917,4196983835,18061,6089
918,4196983835,23271,12493
919,4196983835,0,9085
920,4196983835,7542,2850
921,4196983835,2820,588
922,4196983835,5811,2198
923,4196983835,4111,831
924,4196983835,8601,2645
925,4196983835,9639,4053
926,4196983835,6403,2461
927,4196983835,8660,4026
928,4196983835,6345,2161
929,4196983835,8327,2631
930,4196983835,0,6546
931,4196983835,3727,1175
932,4196983835,40728,23719
933,4196983835,4250,1101
934,4196983835,13845,7694
935,4196983835,7523,1771
936,4196983835,0,3258
937,4196983835,6598,1817
938,4196983835,4847,1775
939,4196983835,6087,2575
940,4196983835,8086,3877
941,4196983835,4198,1251
942,4196983835,0,18813
943,4196983835,6528,2090
944,4196983835,3381,1046
945,4196983835,5726,1509
946,4196983835,6367,2198
947,4196983835,6423,3284
948,4196983835,8622,3407
949,4196983835,4817,1252
950,4196983835,5504,1433
951,4196983835,3492,1119
952,4196983835,13669,6608
953,4196983835,6892,2064
954,4196983835,5581,1464
955,4196983835,5256,1576
956,4196983835,14504,5678
957,4196983835,4882,1300
958,4196983835,14438,4887
959,4196983835,4962,1293
960,4196983835,754,37
961,4196983835,3384,1087
962,4196983835,3960,1426
963,4196983835,4714,1450
964,4196983835,3325,950
965,4196983835,2368,612
966,4196983835,8594,3759
967,4196983835,3416,1002
968,4196983835,3470,696
969,4196983835,2964,883
970,4196983835,3541,1023
971,4196983835,3313,908
972,4196983835,5583,2759
973,4196983835,5073,1485
974,4196983835,6660,1882
975,4196983835,2868,612
976,4196983835,9417,3914
977,4196983835,6020,2485
978,4196983835,6308,2334
979,4196983835,5243,1704
980,4196983835,3396,887
981,4196983835,11157,3728
982,4196983835,6399,2543
983,4196983835,3021,1058
984,4196983835,5178,1802
985,4196983835,4618,1494
986,4196983835,6641,2244
987,4196983835,2390,766
988,4196983835,5692,1397
989,4196983835,8387,4649
990,4196983835,4043,863
991,4196983835,4001,802
992,4196983835,15414,8741
993,4196983835,6331,2422
994,4196983835,7248,2867
995,4196983835,3217,1108
996,4196983835,3057,839
997,4196983835,5298,1307
998,4196983835,1500,177
999,4196983835,14069,6546
1000,4196983835,2525,613
1001,4196983835,4025,1192
1002,4196983835,6060,1783
1003,4196983835,4221,1164
1004,4196983835,5930,2167
1005,4196983835,0,3231
1006,4196983835,5740,1771
1007,4196983835,3690,1029
1008,4196983835,10462,4505
1009,4196983835,3145,333
1010,4196983835,6530,2407
1011,4196983835,5764,1927
1012,4196983835,5309,1794
1013,4196983835,10416,4380
1014,4196983835,6596,2022
1015,4196983835,5483,2083
1016,4196983835,0,1098
1017,4196983835,5051,1219
1018,4196983835,6582,1838
1019,4196983835,7514,2477
1020,4196983835,3868,922
1021,4196983835,4395,1200
1022,4196983835,7593,2613
1023,4196983835,7751,2853
1024,4196983835,9332,2745
1025,4196983835,7794,3097
1026,4196983835,8535,3949
1027,4196983835,7874,2560
1028,4196983835,3253,705
1029,4196983835,8582,3012
1030,4196983835,6098,1747
1031,4196983835,7375,2394
1032,4196983835,130075,78754
1033,4196983835,1848,421
1034,4196983835,4516,1222
1035,4196983835,3962,1072
1036,4196983835,0,2356
1037,4196983835,4874,1542
1038,4196983835,20100,7360
1039,4196983835,3830,1053
1040,4196983835,8585,4144
1041,4196983835,4580,1352
1042,4196983835,6741,2139
1043,4196983835,4179,1536
1044,4196983835,7667,3974
1045,4196983835,4840,2222
1046,4196983835,7865,4339
1047,4196983835,10718,4278
1048,4196983835,7396,2239
1049,4196983835,4714,1530
1050,4196983835,5607,1759
1051,4196983835,4941,1683
1052,4196983835,8888,3106
1053,4196983835,3997,931
1054,4196983835,9560,3613
1055,4196983835,10902,6195
1056,4196983835,10258,3472
1057,4196983835,6955,3120
1058,4196983835,3715,1053
1059,4196983835,3077,879
1060,4196983835,19716,7629
1061,4196983835,37676,14943
1062,4196983835,2699,486
1063,4196983835,3585,954
1064,4196983835,7269,2196
1065,4196983835,21726,6638
1066,4196983835,4411,1205
1067,4196983835,4109,953
1068,4196983835,4149,1529
1069,4196983835,5864,1855
1070,4196983835,43333,24052
1071,4196983835,7817,3281
1072,4196983835,74491,51834
1073,4196983835,115,6
1074,4196983835,4094,1269
1075,4196983835,3640,908
1076,4196983835,5533,1746
1077,4196983835,3568,944
1078,4196983835,4687,1350
1079,4196983835,9556,3806
1080,4196983835,2747,741
1081,4196983835,5707,1988
1082,4196983835,10868,3863
1083,4196983835,5487,1500
1084,4196983835,11205,4997
1085,4196983835,3922,898
1086,4196983835,15929,8269
1087,4196983835,4694,1951
1088,4196983835,19291,8298
1089,4196983835,4337,1399
1090,4196983835,8821,3084
1091,4196983835,8580,3313
1092,4196983835,3902,1274
1093,4196983835,4359,1225
1094,4196983835,6725,2637
1095,4196983835,9531,4663
1096,4196983835,3647,980
1097,4196983835,3395,1086
1098,4196983835,2962,571
1099,4196983835,13625,7033
1100,4196983835,2720,606
1101,4196983835,1631,447
1102,4196983835,3897,868
1103,4196983835,3990,1134
1104,4196983835,3414,1057
1105,4196983835,4571,1433
1106,4196983835,44289,17418
1107,4196983835,2650,595
1108,4196983835,3829,993
1109,4196983835,3990,857
1110,4196983835,8760,2807
1111,4196983835,16192,6091
1112,4196983835,3780,1083
1113,4196983835,4161,1420
1114,4196983835,6630,2210
1115,4196983835,5356,2411
1116,4196983835,3768,1166
1117,4196983835,4145,1173
1118,4196983835,5298,2149
1119,4196983835,4360,1246
1120,4196983835,1843,426
1121,4196983835,4321,1378
1122,4196983835,6294,2562
1123,4196983835,2039,366
1124,4196983835,3430,907
1125,4196983835,5049,1893
1126,4196983835,3013,752
1127,4196983835,3590,1161
1128,4196983835,5329,2248
1129,4196983835,3963,1068
1130,4196983835,4678,1310
1131,4196983835,4916,1855
1132,4196983835,4441,1212
1133,4196983835,3173,710
1134,4196983835,6376,1942
1135,4196983835,4846,1365
1136,4196983835,3594,828
1137,4196983835,3294,915
1138,4196983835,4176,1529
1139,4196983835,3950,1480
1140,4196983835,7451,2720
1141,4196983835,4157,1667
1142,4196983835,3855,1117
1143,4196983835,4771,1289
1144,4196983835,7630,2942
1145,4196983835,4489,1511
1146,4196983835,5601,1983
1147,4196983835,1527,696
1148,4196983835,4008,1445
1149,4196983835,2567,714
1150,4196983835,5749,1827
1151,4196983835,4692,1968
1152,4196983835,2880,613
1153,4196983835,4520,1766
1154,4196983835,4208,1361
1155,4196983835,8371,3309
1156,4196983835,3260,999
1157,4196983835,5722,2083
1158,4196983835,4449,1741
1159,4196983835,5352,1819
1160,4196983835,5040,2103
1161,4196983835,2721,682
1162,4196983835,3373,857
1163,4196983835,2678,751
1164,4196983835,4462,1657
1165,4196983835,6926,2803
1166,4196983835,3098,1086
1167,4196983835,4194,1258
1168,4196983835,5292,2228
1169,4196983835,5229,1951
1170,4196983835,4936,1620
1171,4196983835,5465,2161
1172,4196983835,3000,819
1173,4196983835,4771,1388
1174,4196983835,3681,1064
1175,4196983835,3782,1218
1176,4196983835,5664,1954
1177,4196983835,20533,8995
1178,4196983835,2648,536
1179,4196983835,2706,1125
1180,4196983835,2918,603
1181,4196983835,5271,1673
1182,4196983835,2088,560
1183,4196983835,4183,1115
1184,4196983835,2640,663
1185,4196983835,3140,1260
1186,4196983835,6229,2045
1187,4196983835,1728,506
1188,4196983835,3415,936
1189,4196983835,6769,2119
1190,4196983835,3546,1092
1191,4196983835,4594,1303
1192,4196983835,5174,1465
1193,4196983835,1330,472
1194,4196983835,14204,6549
1195,4196983835,2556,246
1196,4196983835,3013,1214
1197,4196983835,5219,1919
1198,4196983835,3457,979
1199,4196983835,4048,1581
1200,4196983835,5047,1897
1201,4196983835,3031,628
1202,4196983835,4217,1437
1203,4196983835,4678,1797
1204,4196983835,5895,1751
1205,4196983835,3263,763
1206,4196983835,2608,733
1207,4196983835,5531,2088
1208,4196983835,4513,1384
1209,4196983835,4057,1155
1210,4196983835,7965,4774
1211,4196983835,4466,1580
1212,4196983835,3531,1114
1213,4196983835,3907,1031
1214,4196983835,2940,1296
1215,4196983835,3249,801
1216,4196983835,3535,935
1217,4196983835,2461,981
1218,4196983835,4641,1554
1219,4196983835,3531,863
1220,4196983835,2058,609
1221,4196983835,3039,825
1222,4196983835,5265,1534
1223,4196983835,4759,1430
1224,4196983835,7793,3150
1225,4196983835,4813,1614
1226,4196983835,20193,7513
1227,4196983835,13368,5556
1228,4196983835,4503,1357
1229,4196983835,5758,1737
1230,4196983835,268,26
1231,4196983835,4111,1161
1232,4196983835,3179,1009
1233,4196983835,3500,549
1234,4196983835,2434,697
1235,4196983835,0,138
1236,4196983835,8712,2576
1237,4196983835,3073,1094
1238,4196983835,9678,4599
1239,4196983835,35550,20296
1240,4196983835,4197,1029
1241,4196983835,3962,1274
1242,4196983835,3571,811
1243,4196983835,3246,699
1244,4196983835,4926,1550
1245,4196983835,2754,770
1246,4196983835,2914,601
1247,4196983835,2503,629
1248,4196983835,5181,2603
1249,4196983835,4921,2092
1250,4196983835,2552,824
1251,4196983835,2289,576
1252,4196983835,4892,1409
1253,4196983835,2587,1248
1254,4196983835,3129,996
1255,4196983835,2988,992
1256,4196983835,5952,2218
1257,4196983835,3220,1203
1258,4196983835,728,110
1259,4196983835,3790,1323
1260,4196983835,3825,1357
1261,4196983835,3562,1192
1262,4196983835,1606,274
1263,4196983835,2405,660
1264,4196983835,2830,778
1265,4196983835,2593,640
1266,4196983835,13640,6499
1267,4196983835,2608,712
1268,4196983835,2194,754
1269,4196983835,2215,466
1270,4196983835,5162,1844
1271,4196983835,1930,735
1272,4196983835,3204,1002
1273,4196983835,1843,563
1274,4196983835,17887,7760
1275,4196983835,2968,908
1276,4196983835,2762,821
1277,4196983835,2744,757
1278,4196983835,3331,916
1279,4196983835,17356,11228
1280,4196983835,3900,1507
1281,4196983835,2538,826
1282,4196983835,4618,1713
1283,4196983835,3668,933
1284,4196983835,2912,1093
1285,4196983835,2103,604
1286,4196983835,4734,2147
1287,4196983835,3356,1260
1288,4196983835,51,2
1289,4196983835,2925,1083
1290,4196983835,3552,1064
1291,4196983835,2697,689
1292,4196983835,4448,2757
1293,4196983835,3718,1116
1294,4196983835,2806,981
1295,4196983835,18396,7160
1296,4196983835,2473,780
1297,4196983835,2464,668
1298,4196983835,3812,1472
1299,4196983835,3569,1200
1300,4196983835,2683,721
1301,4196983835,2991,899
1302,4196983835,2775,751
1303,4196983835,2385,894
1304,4196983835,4409,1532
1305,4196983835,2488,658
1306,4196983835,15807,8744
1307,4196983835,2249,673
1308,4196983835,3595,1084
1309,4196983835,2796,1218
1310,4196983835,2344,711
1311,4196983835,3743,1572
1312,4196983835,3373,1144
1313,4196983835,3741,1029
1314,4196983835,23281,8932
1315,4196983835,1845,518
1316,4196983835,2953,1021
1317,4196983835,4253,2485
1318,4196983835,5574,1798
1319,4196983835,1617,428
1320,4196983835,3369,831
1321,4196983835,3406,1001
1322,4196983835,2573,634
1323,4196983835,2112,589
1324,4196983835,3442,1293
1325,4196983835,3209,1037
1326,4196983835,4834,1840
1327,4196983835,4154,1914
1328,4196983835,3254,840
1329,4196983835,2802,893
1330,4196983835,2326,578
1331,4196983835,2352,676
1332,4196983835,4573,1244
1333,4196983835,2444,606
1334,4196983835,5552,1715
1335,4196983835,2877,1125
1336,4196983835,7209,3231
1337,4196983835,3191,1114
1338,4196983835,837,97
1339,4196983835,3692,1185
1340,4196983835,8737,3963
1341,4196983835,1711,391
1342,4196983835,1645,517
1343,4196983835,2019,627
1344,4196983835,3180,1020
1345,4196983835,2007,519
1346,4196983835,3591,1261
1347,4196983835,2826,765
1348,4196983835,4198,1694
1349,4196983835,4132,1545
1350,4196983835,2666,776
1351,4196983835,3808,1275
1352,4196983835,2065,428
1353,4196983835,2135,616
1354,4196983835,8002,3457
1355,4196983835,28741,14021
1356,4196983835,2802,809
1357,4196983835,1756,503
1358,4196983835,3501,1208
1359,4196983835,2384,628
1360,4196983835,11233,3671
1361,4196983835,3111,1079
1362,4196983835,3475,1732
1363,4196983835,3575,1146
1364,4196983835,2687,851
1365,4196983835,5230,1504
1366,4196983835,3721,1098
1367,4196983835,4130,1138
1368,4196983835,3874,1544
1369,4196983835,3720,1883
1370,4196983835,2266,518
1371,4196983835,3060,1047
1372,4196983835,2886,676
1373,4196983835,13349,5748
1374,4196983835,2418,648
1375,4196983835,2809,681
1376,4196983835,2633,555
1377,4196983835,2653,1074
1378,4196983835,24908,10524
1379,4196983835,2865,901
1380,4196983835,2469,641
1381,4196983835,4500,2014
1382,4196983835,2879,830
1383,4196983835,2434,745
1384,4196983835,8199,3088
1385,4196983835,2866,774
1386,4196983835,2245,652
1387,4196983835,3601,1514
1388,4196983835,3320,1083
1389,4196983835,2446,553
1390,4196983835,3010,1386
1391,4196983835,2127,679
1392,4196983835,11157,5130
1393,4196983835,6457,2916
1394,4196983835,2369,572
1395,4196983835,1493,377
1396,4196983835,2239,685
1397,4196983835,2040,494
1398,4196983835,3433,973
1399,4196983835,2432,707
1400,4196983835,2653,734
1401,4196983835,3260,1311
1402,4196983835,4130,2034
1403,4196983835,2839,1334
1404,4196983835,3676,1102
1405,4196983835,2942,1007
1406,4196983835,2767,693
1407,4196983835,2689,769
1408,4196983835,1587,424
1409,4196983835,1382,382
1410,4196983835,2511,697
1411,4196983835,2022,508
1412,4196983835,2467,1063
1413,4196983835,5165,2253
1414,4196983835,18243,6685
1415,4196983835,3062,821
1416,4196983835,1652,369
1417,4196983835,3573,1442
1418,4196983835,2611,771
1419,4196983835,3279,1324
1420,4196983835,1898,606
1421,4196983835,3434,1133
1422,4196983835,3281,1413
1423,4196983835,2229,567
1424,4196983835,2258,1267
1425,4196983835,2634,761
1426,4196983835,3710,1544
1427,4196983835,5079,2072
1428,4196983835,3582,1121
1429,4196983835,3283,1305
1430,4196983835,2726,742
1431,4196983835,3470,1149
1432,4196983835,2563,754
1433,4196983835,5255,1995
1434,4196983835,2663,793
1435,4196983835,1597,394
1436,4196983835,2273,1065
1437,4196983835,2586,745
1438,4196983835,4240,1876
1439,4196983835,1326,168
1440,4196983835,2769,1158
1441,4196983835,3496,1275
1442,4196983835,2113,742
1443,4196983835,3263,1309
1444,4196983835,3461,874
1445,4196983835,2037,843
1446,4196983835,4969,2358
1447,4196983835,4746,2011
1448,4196983835,9373,3983
1449,4196983835,3972,1657
1450,4196983835,2862,680
1451,4196983835,3082,1230
1452,4196983835,1754,674
1453,4196983835,2896,881
1454,4196983835,2930,1030
1455,4196983835,3012,1044
1456,4196983835,25865,13382
1457,4196983835,1637,324
1458,4196983835,2221,695
1459,4196983835,1710,548
1460,4196983835,2182,561
1461,4196983835,4554,2277
1462,4196983835,3202,1033
1463,4196983835,3676,1168
1464,4196983835,2031,455
1465,4196983835,1877,413
1466,4196983835,2937,667
1467,4196983835,1461,147
1468,4196983835,2766,465
1469,4196983835,2665,888
1470,4196983835,1677,417
1471,4196983835,5521,2211
1472,4196983835,1794,291
1473,4196983835,1921,693
1474,4196983835,3643,1392
1475,4196983835,2597,917
1476,4196983835,2430,562
1477,4196983835,3103,829
1478,4196983835,8584,3593
1479,4196983835,1876,689
1480,4196983835,2030,519
1481,4196983835,2901,832
1482,4196983835,2652,989
1483,4196983835,1951,677
1484,4196983835,2487,901
1485,4196983835,3123,989
1486,4196983835,7433,4084
1487,4196983835,4702,1724
1488,4196983835,3479,1516
1489,4196983835,2005,469
1490,4196983835,1604,262
1491,4196983835,10179,3879
1492,4196983835,2740,918
1493,4196983835,2343,895
1494,4196983835,1779,437
1495,4196983835,3688,1416
1496,4196983835,3117,1072
1497,4196983835,4283,1842
1498,4196983835,8847,4688
1499,4196983835,3148,1152
1500,4196983835,2097,571
1501,4196983835,2579,651
1502,4196983835,4415,1286
1503,4196983835,2871,946
1504,4196983835,21094,8589
1505,4196983835,2806,740
1506,4196983835,3223,1010
1507,4196983835,1850,383
1508,4196983835,6454,3242
1509,4196983835,3882,1409
1510,4196983835,4502,2226
1511,4196983835,3576,1137
1512,4196983835,4096,1432
1513,4196983835,2361,591
1514,4196983835,2519,892
1515,4196983835,1421,318
1516,4196983835,310,19
1517,4196983835,2148,676
1518,4196983835,2028,507
1519,4196983835,3530,967
1520,4196983835,2898,1000
1521,4196983835,1629,569
1522,4196983835,1830,469
1523,4196983835,3036,1168
1524,4196983835,2720,824
1525,4196983835,3981,1888
1526,4196983835,1552,420
1527,4196983835,1598,513
1528,4196983835,1484,496
1529,4196983835,2632,781
1530,4196983835,3280,1328
1531,4196983835,2350,844
1532,4196983835,3475,1038
1533,4196983835,11301,4365
1534,4196983835,2438,742
1535,4196983835,12681,6195
1536,4196983835,2241,515
1537,4196983835,3702,1600
1538,4196983835,2452,1048
1539,4196983835,3589,1240
1540,4196983835,2176,809
1541,4196983835,1259,283
1542,4196983835,2790,1204
1543,4196983835,3323,1118
1544,4196983835,2211,578
1545,4196983835,2972,974
1546,4196983835,2289,865
1547,4196983835,2287,882
1548,4196983835,2436,786
1549,4196983835,1496,420
1550,4196983835,1033,223
1551,4196983835,2406,742
1552,4196983835,2836,785
1553,4196983835,2505,817
1554,4196983835,10118,4980
1555,4196983835,2409,934
1556,4196983835,2309,664
1557,4196983835,3070,880
1558,4196983835,1869,405
1559,4196983835,5957,2845
1560,4196983835,2966,1271
1561,4196983835,2739,1072
1562,4196983835,2608,794
1563,4196983835,1918,740
1564,4196983835,2645,946
1565,4196983835,2104,575
1566,4196983835,2089,650
1567,4196983835,1745,279
1568,4196983835,2163,611
1569,4196983835,2222,608
1570,4196983835,2062,700
1571,4196983835,21890,10288
1572,4196983835,4734,2131
1573,4196983835,5959,2561
1574,4196983835,2355,567
1575,4196983835,6322,2777
1576,4196983835,2547,1109
1577,4196983835,2438,687
1578,4196983835,9362,3551
1579,4196983835,3819,1543
1580,4196983835,3780,1650
1581,4196983835,4514,1339
1582,4196983835,3046,900
1583,4196983835,4005,1529
1584,4196983835,2052,606
1585,4196983835,1913,762
1586,4196983835,3529,987
1587,4196983835,2419,634
1588,4196983835,2384,769
1589,4196983835,4362,1866
1590,4196983835,2398,831
1591,4196983835,1261,136
1592,4196983835,3396,1314
1593,4196983835,2692,469
1594,4196983835,1991,724
1595,4196983835,2301,605
1596,4196983835,1783,686
1597,4196983835,8209,3268
1598,4196983835,2210,141
1599,4196983835,2550,654
1600,4196983835,3533,1642
1601,4196983835,3190,875
1602,4196983835,35870,17568
1603,4196983835,3306,1291
1604,4196983835,10364,4485
1605,4196983835,2884,728
1606,4196983835,3645,1221
1607,4196983835,2244,492
1608,4196983835,3388,1354
1609,4196983835,2535,755
1610,4196983835,4464,1604
1611,4196983835,2494,434
1612,4196983835,7259,3520
1613,4196983835,3495,1176
1614,4196983835,3819,545
1615,4196983835,3812,1643
1616,4196983835,2035,602
1617,4196983835,2281,925
1618,4196983835,38199,24256
1619,4196983835,2953,1110
1620,4196983835,9755,3976
1621,4196983835,4467,1583
1622,4196983835,3280,1399
1623,4196983835,2893,1076
1624,4196983835,4210,1310
1625,4196983835,2153,622
1626,4196983835,8918,3692
1627,4196983835,1354,237
1628,4196983835,4181,1547
1629,4196983835,2365,1157
1630,4196983835,2084,590
1631,4196983835,3793,1328
1632,4196983835,2197,756
1633,4196983835,3242,1686
1634,4196983835,2157,534
1635,4196983835,4476,1610
1636,4196983835,4133,1253
1637,4196983835,2090,394
1638,4196983835,2860,1105
1639,4196983835,2855,1251
1640,4196983835,3026,1180
1641,4196983835,3651,1518
1642,4196983835,7100,3737
1643,4196983835,7988,3258
1644,4196983835,3437,1082
1645,4196983835,2858,1109
1646,4196983835,2658,754
1647,4196983835,4245,1810
1648,4196983835,8283,2674
1649,4196983835,3203,1055
1650,4196983835,3133,1162
1651,4196983835,3704,1025
1652,4196983835,2343,728
1653,4196983835,2154,627
1654,4196983835,2349,819
1655,4196983835,40294,18816
1656,4196983835,1930,208
1657,4196983835,2678,1249
1658,4196983835,1656,489
1659,4196983835,1422,395
1660,4196983835,3308,1198
1661,4196983835,2246,671
1662,4196983835,3738,1303
1663,4196983835,8239,1990
1664,4196983835,2416,767
1665,4196983835,1813,516
1666,4196983835,3358,1122
1667,4196983835,4537,1368
1668,4196983835,3536,1332
1669,4196983835,19965,11151
1670,4196983835,5397,1900
1671,4196983835,3501,1080
1672,4196983835,7172,2271
1673,4196983835,3426,1712
1674,4196983835,3015,1150
1675,4196983835,2682,943
1676,4196983835,13889,4538
1677,4196983835,1906,496
1678,4196983835,2881,1036
1679,4196983835,2086,527
1680,4196983835,3856,1469
1681,4196983835,15603,6546
1682,4196983835,1786,312
1683,4196983835,10110,4556
1684,4196983835,2900,853
1685,4196983835,4302,2052
1686,4196983835,3461,1078
1687,4196983835,3495,1244
1688,4196983835,1579,308
1689,4196983835,1629,614
1690,4196983835,2602,538
1691,4196983835,4033,1672
1692,4196983835,2643,740
1693,4196983835,4951,2232
1694,4196983835,3503,1203
1695,4196983835,2256,491
1696,4196983835,2590,697
1697,4196983835,1926,413
1698,4196983835,3729,1496
1699,4196983835,2348,745
1700,4196983835,2575,916
1701,4196983835,3103,1175
1702,4196983835,2872,807
1703,4196983835,3912,1503
1704,4196983835,4598,2142
1705,4196983835,1865,540
1706,4196983835,2758,836
1707,4196983835,1573,558
1708,4196983835,1582,326
1709,4196983835,3085,1310
1710,4196983835,2329,569
1711,4196983835,4232,1744
1712,4196983835,2512,819
1713,4196983835,3926,1959
1714,4196983835,2497,1067
1715,4196983835,2947,1024
1716,4196983835,3861,1535
1717,4196983835,13872,9926
1718,4196983835,2797,978
1719,4196983835,18126,7984
1720,4196983835,2140,721
1721,4196983835,2352,740
1722,4196983835,2664,696
1723,4196983835,3120,1384
1724,4196983835,2582,874
1725,4196983835,39392,15668
1726,4196983835,3359,1262
1727,4196983835,2281,906
1728,4196983835,2344,925
1729,4196983835,1797,534
1730,4196983835,5162,2320
1731,4196983835,2867,813
1732,4196983835,3671,1445
1733,4196983835,3449,1657
1734,4196983835,2283,717
1735,4196983835,34559,21083
1736,4196983835,2579,1352
1737,4196983835,23369,9085
1738,4196983835,3004,1149
1739,4196983835,3229,1301
1740,4196983835,6458,2859
1741,4196983835,18565,9206
1742,4196983835,2445,770
1743,4196983835,3059,1369
1744,4196983835,2527,1322
1745,4196983835,1783,522
1746,4196983835,2787,1007
1747,4196983835,3773,1339
1748,4196983835,3012,1031
1749,4196983835,3837,1537
1750,4196983835,1763,538
1751,4196983835,7747,3707
1752,4196983835,4070,1910
1753,4196983835,6028,2723
1754,4196983835,3120,1672
1755,4196983835,2229,484
1756,4196983835,4322,1766
1757,4196983835,5865,2854
1758,4196983835,4599,2051
1759,4196983835,61899,30616
1760,4196983835,1716,467
1761,4196983835,2021,467
1762,4196983835,2628,1005
1763,4196983835,1878,601
1764,4196983835,1414,300
1765,4196983835,12423,6776
1766,4196983835,1711,414
1767,4196983835,2073,436
1768,4196983835,14875,7082
1769,4196983835,3673,1866
1770,4196983835,1462,456
1771,4196983835,5230,2359
1772,4196983835,3295,1089
1773,4196983835,3659,1605
1774,4196983835,1319,359
1775,4196983835,2662,941
1776,4196983835,3581,1661
1777,4196983835,2109,1090
1778,4196983835,2024,880
1779,4196983835,2298,814
1780,4196983835,1389,512
1781,4196983835,2644,1305
1782,4196983835,7491,4035
1783,4196983835,1152,247
1784,4196983835,3307,1998
1785,4196983835,1465,325
1786,4196983835,1174,263
1787,4196983835,3911,1674
1788,4196983835,1776,607
1789,4196983835,1347,463
1790,4196983835,2136,783
1791,4196983835,3809,1820
1792,4196983835,2951,1023
1793,4196983835,2983,1188
1794,4196983835,2375,900
1795,4196983835,1399,443
1796,4196983835,2335,969
1797,4196983835,1826,420
1798,4196983835,2238,850
1799,4196983835,13687,5457
1800,4196983835,3207,1991
1801,4196983835,2413,810
1802,4196983835,2263,795
1803,4196983835,24900,17399
1804,4196983835,1939,733
1805,4196983835,1517,466
1806,4196983835,5357,2224
1807,4196983835,3105,1095
1808,4196983835,1164,215
1809,4196983835,2020,486
1810,4196983835,1264,434
1811,4196983835,4914,2388
1812,4196983835,989,141
1813,4196983835,2503,889
1814,4196983835,1297,309
1815,4196983835,2780,1247
1816,4196983835,2011,612
1817,4196983835,1619,596
1818,4196983835,12523,5165
1819,4196983835,1845,738
1820,4196983835,1508,383
1821,4196983835,2221,602
1822,4196983835,1319,331
1823,4196983835,66558,31608
1824,4196983835,1865,651
1825,4196983835,2455,1135
1826,4196983835,2062,735
1827,4196983835,2309,1289
1828,4196983835,3013,1274
1829,4196983835,3242,1598
1830,4196983835,1417,475
1831,4196983835,1756,643
1832,4196983835,2276,966
1833,4196983835,2560,1060
1834,4196983835,4477,1554
1835,4196983835,1761,626
1836,4196983835,2893,1439
1837,4196983835,1013,169
1838,4196983835,2454,987
1839,4196983835,1635,585
1840,4196983835,1125,256
1841,4196983835,10995,3748
1842,4196983835,1732,526
1843,4196983835,1248,382
1844,4196983835,2025,915
1845,4196983835,2132,762
1846,4196983835,686,104
1847,4196983835,1934,466
1848,4196983835,1257,424
1849,4196983835,1106,310
1850,4196983835,1399,502
1851,4196983835,18341,6419
1852,4196983835,3359,1429
1853,4196983835,1384,662
1854,4196983835,1971,1069
1855,4196983835,1613,623
1856,4196983835,1822,556
1857,4196983835,1126,257
1858,4196983835,34955,18813
1859,4196983835,4209,2504
1860,4196983835,2979,1418
1861,4196983835,3870,1771
1862,4196983835,6021,2707
1863,4196983835,4001,1860
1864,4196983835,1008,271
1865,4196983835,1283,343
1866,4196983835,2283,994
1867,4196983835,1378,536
1868,4196983835,2094,868
1869,4196983835,1027,277
1870,4196983835,2971,1243
1871,4196983835,1132,359
1872,4196983835,2891,1320
1873,4196983835,1040,249
1874,4196983835,1654,511
1875,4196983835,2403,1219
1876,4196983835,925,389
1877,4196983835,3194,940
1878,4196983835,2669,1211
1879,4196983835,1169,276
1880,4196983835,861,229
1881,4196983835,2135,1324
1882,4196983835,1201,527
1883,4196983835,1955,872
1884,4196983835,842,262
1885,4196983835,1449,485
1886,4196983835,1565,512
1887,4196983835,1493,600
1888,4196983835,519,55
1889,4196983835,1187,430
1890,4196983835,680,102
1891,4196983835,1224,505
1892,4196983835,1724,712
1893,4196983835,981,274
1894,4196983835,1514,551
1895,4196983835,1094,302
1896,4196983835,1784,643
1897,4196983835,1597,628
1898,4196983835,1000,113
1899,4196983835,6609,2246
1900,4196983835,1126,391
1901,4196983835,1184,424
1902,4196983835,1522,584
1903,4196983835,724,155
1904,4196983835,1275,514
1905,4196983835,1591,627
1906,4196983835,910,339
1907,4196983835,596,82
1908,4196983835,1496,564
1909,4196983835,12046,7573
1910,4196983835,15675,6462
1911,4196983835,1670,796
1912,4196983835,950,250
1913,4196983835,1739,923
1914,4196983835,1373,495
1915,4196983835,1555,612
1916,4196983835,796,183
1917,4196983835,1038,313
1918,4196983835,6701,2420
1919,4196983835,3539,1422
1920,4196983835,1547,525
1921,4196983835,1501,702
1922,4196983835,765,141
1923,4196983835,1163,448
1924,4196983835,895,239
1925,4196983835,1900,1342
1926,4196983835,1198,336
1927,4196983835,1659,705
1928,4196983835,1279,388
1929,4196983835,2072,1054
1930,4196983835,1239,393
1931,4196983835,3368,1783
1932,4196983835,986,273
1933,4196983835,3266,833
1934,4196983835,3778,2276
1935,4196983835,1105,323
1936,4196983835,896,303
1937,4196983835,1131,314
1938,4196983835,1166,427
1939,4196983835,1326,434
1940,4196983835,1517,626
1941,4196983835,4027,2138
1942,4196983835,1845,703
1943,4196983835,1311,530
1944,4196983835,1530,472
1945,4196983835,1450,516
1946,4196983835,1321,393
1947,4196983835,759,264
1948,4196983835,1185,401
1949,4196983835,1678,792
1950,4196983835,1257,399
1951,4196983835,872,293
1952,4196983835,1465,608
1953,4196983835,1076,337
1954,4196983835,1539,727
1955,4196983835,1581,647
1956,4196983835,1742,590
1957,4196983835,771,226
1958,4196983835,2675,1404
1959,4196983835,1024,288
1960,4196983835,1344,642
1961,4196983835,14323,8606
1962,4196983835,915,290
1963,4196983835,7955,3446
1964,4196983835,1118,397
1965,4196983835,1496,787
1966,4196983835,2387,923
1967,4196983835,1809,686
1968,4196983835,2072,781
1969,4196983835,1006,326
1970,4196983835,1026,311
1971,4196983835,1321,586
1972,4196983835,1910,1067
1973,4196983835,1791,1004
1974,4196983835,1011,385
1975,4196983835,1390,594
1976,4196983835,1507,691
1977,4196983835,1435,543
1978,4196983835,935,456
1979,4196983835,1645,893
1980,4196983835,1087,400
1981,4196983835,1385,619
1982,4196983835,1332,525
1983,4196983835,1025,346
1984,4196983835,1365,536
1985,4196983835,1286,638
1986,4196983835,1170,419
1987,4196983835,1173,438
1988,4196983835,1396,651
1989,4196983835,997,362
1990,4196983835,772,203
1991,4196983835,1078,401
1992,4196983835,684,188
1993,4196983835,1176,479
1994,4196983835,1205,657
1995,4196983835,746,134
1996,4196983835,1518,761
1997,4196983835,1429,589
1998,4196983835,6825,3644
1999,4196983835,1578,661
2000,4196983835,1199,375
2001,4196983835,2977,1684
2002,4196983835,1500,794
2003,4196983835,1811,652
2004,4196983835,722,168
2005,4196983835,941,343
2006,4196983835,1939,1083
2007,4196983835,819,230
2008,4196983835,2394,1255
2009,4196983835,1067,401
2010,4196983835,913,391
2011,4196983835,1850,786
2012,4196983835,2547,1239
2013,4196983835,1045,394
2014,4196983835,992,395
2015,4196983835,1379,555
2016,4196983835,8925,4469
2017,4196983835,1400,606
2018,4196983835,3650,1481
2019,4196983835,1489,742
2020,4196983835,1312,597
2021,4196983835,1180,543
2022,4196983835,968,496
2023,4196983835,7462,3771
2024,4196983835,1256,566
2025,4196983835,1770,988
2026,4196983835,1415,833
2027,4196983835,773,243
2028,4196983835,1523,811
2029,4196983835,9026,4731
2030,4196983835,13564,7834
2031,4196983835,961,227
2032,4196983835,1438,644
2033,4196983835,2110,1136
2034,4196983835,1149,611
2035,4196983835,976,432
2036,4196983835,1237,438
2037,4196983835,1084,625
2038,4196983835,888,279
2039,4196983835,1480,579
2040,4196983835,1000,314
2041,4196983835,1711,780
2042,4196983835,7438,3827
2043,4196983835,970,479
2044,4196983835,1069,510
2045,4196983835,615,225
2046,4196983835,800,251
2047,4196983835,1500,799
2048,4196983835,1179,320
2049,4196983835,423,156
2050,4196983835,504,119
2051,4196983835,1022,467
2052,4196983835,779,237
2053,4196983835,1180,375
2054,4196983835,921,384
2055,4196983835,1750,1190
2056,4196983835,396,89
2057,4196983835,762,235
2058,4196983835,710,165
2059,4196983835,707,249
2060,4196983835,1233,703
2061,4196983835,985,442
2062,4196983835,790,211
2063,4196983835,3692,2732
2064,4196983835,1421,831
2065,4196983835,1210,475
2066,4196983835,1162,313
2067,4196983835,25815,9503
2068,4196983835,625,212
2069,4196983835,1177,749
2070,4196983835,471,134
2071,4196983835,774,241
2072,4196983835,5904,4430
2073,4196983835,818,203
2074,4196983835,644,105
2075,4196983835,3373,1687
2076,4196983835,1190,290
2077,4196983835,1215,532
2078,4196983835,2081,1020
2079,4196983835,358,94
2080,4196983835,771,257
2081,4196983835,883,296
2082,4196983835,696,254
2083,4196983835,635,216
2084,4196983835,864,426
2085,4196983835,1667,853
2086,4196983835,823,312
2087,4196983835,342,77
2088,4196983835,1142,460
2089,4196983835,472,121
2090,4196983835,1013,550
2091,4196983835,876,397
2092,4196983835,1289,538
2093,4196983835,804,399
2094,4196983835,623,260
2095,4196983835,791,314
2096,4196983835,264,45
2097,4196983835,11353,5469
2098,4196983835,1620,825
2099,4196983835,370,90
2100,4196983835,1030,601
2101,4196983835,576,223
2102,4196983835,1254,726
2103,4196983835,7080,2128
2104,4196983835,685,208
2105,4196983835,1116,563
2106,4196983835,1490,698
2107,4196983835,341,122
2108,4196983835,1470,688
2109,4196983835,544,178
2110,4196983835,1397,697
2111,4196983835,663,337
2112,4196983835,599,348
2113,4196983835,2163,981
2114,4196983835,595,242
2115,4196983835,457,173
2116,4196983835,590,233
2117,4196983835,784,291
2118,4196983835,343,71
2119,4196983835,448,120
2120,4196983835,4072,1337
2121,4196983835,446,149
2122,4196983835,745,311
2123,4196983835,1098,362
2124,4196983835,735,273
2125,4196983835,2369,1357
2126,4196983835,1657,863
2127,4196983835,671,271
2128,4196983835,809,372
2129,4196983835,710,357
2130,4196983835,679,191
2131,4196983835,793,117
2132,4196983835,620,304
2133,4196983835,345,100
2134,4196983835,338,91
2135,4196983835,467,175
2136,4196983835,315,65
2137,4196983835,532,182
2138,4196983835,395,112
2139,4196983835,246,62
2140,4196983835,849,428
2141,4196983835,286,71
2142,4196983835,550,96
2143,4196983835,410,117
2144,4196983835,373,143
2145,4196983835,704,309
2146,4196983835,851,475
2147,4196983835,3736,1944
2148,4196983835,1001,395
2149,4196983835,543,162
2150,4196983835,1576,1006
2151,4196983835,461,155
2152,4196983835,1675,1074
2153,4196983835,246,61
2154,4196983835,406,132
2155,4196983835,381,82
2156,4196983835,1411,781
2157,4196983835,519,195
2158,4196983835,482,171
2159,4196983835,661,249
2160,4196983835,384,134
2161,4196983835,2869,1374
2162,4196983835,682,278
2163,4196983835,468,204
2164,4196983835,1068,447
2165,4196983835,607,125
2166,4196983835,520,221
2167,4196983835,953,417
2168,4196983835,467,181
2169,4196983835,1067,514
2170,4196983835,688,333
2171,4196983835,777,398
2172,4196983835,603,269
2173,4196983835,21963,6881
2174,4196983835,460,251
2175,4196983835,789,378
2176,4196983835,716,352
2177,4196983835,953,513
2178,4196983835,574,182
2179,4196983835,567,333
2180,4196983835,834,377
2181,4196983835,1377,633
2182,4196983835,157,25
2183,4196983835,748,261
2184,4196983835,298,77
2185,4196983835,281,62
2186,4196983835,334,107
2187,4196983835,416,163
2188,4196983835,556,321
2189,4196983835,476,178
2190,4196983835,461,150
2191,4196983835,603,289
2192,4196983835,740,403
2193,4196983835,555,233
2194,4196983835,950,582
2195,4196983835,930,571
2196,4196983835,1131,571
2197,4196983835,1101,520
2198,4196983835,2992,1769
2199,4196983835,754,346
2200,4196983835,336,122
2201,4196983835,417,140
2202,4196983835,1533,844
2203,4196983835,211,45
2204,4196983835,645,338
2205,4196983835,1747,1162
2206,4196983835,260,62
2207,4196983835,551,248
2208,4196983835,488,230
2209,4196983835,260,78
2210,4196983835,491,240
2211,4196983835,342,115
2212,4196983835,433,145
2213,4196983835,448,250
2214,4196983835,487,162
2215,4196983835,933,553
2216,4196983835,649,318
2217,4196983835,261,34
2218,4196983835,530,149
2219,4196983835,875,248
2220,4196983835,582,258
2221,4196983835,1375,663
2222,4196983835,1047,523
2223,4196983835,6547,3066
2224,4196983835,322,114
2225,4196983835,533,214
2226,4196983835,583,205
2227,4196983835,688,208
2228,4196983835,521,207
2229,4196983835,518,335
2230,4196983835,590,305
2231,4196983835,701,264
2232,4196983835,1345,854
2233,4196983835,315,119
2234,4196983835,220,59
2235,4196983835,518,325
2236,4196983835,890,394
2237,4196983835,1993,1168
2238,4196983835,857,522
2239,4196983835,408,127
2240,4196983835,660,436
2241,4196983835,3141,1098
2242,4196983835,252,84
2243,4196983835,300,68
2244,4196983835,1099,528
2245,4196983835,344,101
2246,4196983835,728,356
2247,4196983835,430,257
2248,4196983835,242,61
2249,4196983835,471,237
2250,4196983835,394,160
2251,4196983835,514,340
2252,4196983835,0,37
2253,4196983835,0,34
2254,4196983835,6073,2436
2255,4196983835,348,135
2256,4196983835,909,560
2257,4196983835,214,72
2258,4196983835,858,571
2259,4196983835,494,260
2260,4196983835,1785,1186
2261,4196983835,387,203
2262,4196983835,7096,2253
2263,4196983835,559,230
2264,4196983835,553,293
2265,4196983835,554,237
2266,4196983835,271,101
2267,4196983835,200,66
2268,4196983835,325,95
2269,4196983835,821,615
2270,4196983835,476,255
2271,4196983835,322,88
2272,4196983835,487,232
2273,4196983835,206,60
2274,4196983835,384,171
2275,4196983835,511,257
2276,4196983835,651,279
2277,4196983835,410,114
2278,4196983835,778,446
2279,4196983835,14982,6561
2280,4196983835,198,58
2281,4196983835,632,482
2282,4196983835,259,87
2283,4196983835,230,98
2284,4196983835,2797,1224
2285,4196983835,265,66
2286,4196983835,49414,18113
2287,4196983835,4807,2356
2288,4196983835,343,134
2289,4196983835,343,131
2290,4196983835,419,131
2291,4196983835,86,14
2292,4196983835,173,50
2293,4196983835,224,57
2294,4196983835,195,52
2295,4196983835,465,237
2296,4196983835,254,101
2297,4196983835,2653,1034
2298,4196983835,848,577
2299,4196983835,222,82
2300,4196983835,263,103
2301,4196983835,535,263
2302,4196983835,248,94
2303,4196983835,797,516
2304,4196983835,399,208
2305,4196983835,363,184
2306,4196983835,241,69
2307,4196983835,447,228
2308,4196983835,193,50
2309,4196983835,913,601
2310,4196983835,236,87
2311,4196983835,539,218
2312,4196983835,106,22
2313,4196983835,130,51
2314,4196983835,170,54
2315,4196983835,326,202
2316,4196983835,169,89
2317,4196983835,323,117
2318,4196983835,128,47
2319,4196983835,457,337
2320,4196983835,112,42
2321,4196983835,170,90
2322,4196983835,193,95
2323,4196983835,799,588
2324,4196983835,226,74
2325,4196983835,305,144
2326,4196983835,202,95
2327,4196983835,514,365
2328,4196983835,151,70
2329,4196983835,181,80
2330,4196983835,107,36
2331,4196983835,14633,6799
2332,4196983835,80,14
2333,4196983835,159,72
2334,4196983835,165,77
2335,4196983835,119,46
2336,4196983835,331,172
2337,4196983835,153,65
2338,4196983835,490,226
2339,4196983835,116,60
2340,4196983835,303,145
2341,4196983835,448,259
2342,4196983835,1243,873
2343,4196983835,135,59
2344,4196983835,110,40
2345,4196983835,306,143
2346,4196983835,127,46
2347,4196983835,131,47
2348,4196983835,2531,527
